Generic,SWL-50,50000,1,180,A,1,0,0,0,0,1,0,0,1,0,0,1,0,
Generic,S-30,30000,0.475,75,B,2,0,150,0,0,1,0,0,1,0,0,2,-75,75,
Generic,S-45,45000,0.475,90,B,2,0,150,0,0,1,0,0,1,0,0,2,-75,75,
Generic,S-50,50000,0.475,95,B,2,0,150,0,0,1,0,0,1,0,0,2,-75,75,
Generic,S-60,60000,0.475,105,B,2,0,150,0,0,1,0,0,1,0,0,2,-75,75,
Generic,S-75,75000,0.475,120,B,2,0,150,0,0,1,0,0,1,0,0,2,-75,75,
Generic,D-50,50000,0.475,80,D,3,20,205,0,0,2,-10,0,10,0,4,10,0,7.5,0,5,0,0,0,4,-122.5,-102.5,102.5,122.5,
Generic,D-75,75000,0.475,110,D,3,21,204,0,0,2,-10.5,0,10.5,0,4,10.5,0,7.875,0,5.25,0,0,0,4,-123,-102,102,123,
Generic,D-100,100000,0.475,140,D,3,23,202,0,0,2,-11.5,0,11.5,0,4,11.5,0,8.625,0,5.75,0,0,0,4,-124,-101,101,124,
Generic,D-150,150000,0.475,160,D,3,30,199,0,0,2,-15,0,15,0,4,15,0,11.25,0,7.5,0,0,0,4,-129.5,-99.5,99.5,129.5,
Generic,D-200,200000,0.475,200,D,3,34,195,0,0,2,-17,0,17,0,4,17,0,12.75,0,8.5,0,0,0,4,-131.5,-97.5,97.5,131.5,
Generic,2D-100,100000,0.475,120,F,3,20,230,0,45,4,-10,0,10,0,-10,45,10,45,8,10,0,8,0,6,0,4,0,2,0,0,0,0,11.25,0,22.5,4,-135,-115,115,135,
Generic,2D-150,150000,0.475,140,F,3,20,229,0,45,4,-10,0,10,0,-10,45,10,45,8,10,0,8,0,6,0,4,0,2,0,0,0,0,11.25,0,22.5,4,-134.5,-114.5,114.5,134.5,
Generic,2D-200,200000,0.475,160,F,3,21,229,0,46,4,-10.5,0,10.5,0,-10.5,46,10.5,46,8,10.5,0,8.400001,0,6.3,0,4.2,0,2.1,0,0,0,0,11.5,0,23,4,-135.5,-114.5,114.5,135.5,
Generic,2D-300,300000,0.475,180,F,3,26,229,0,51,4,-13,0,13,0,-13,51,13,51,8,13,0,10.4,0.2243399,7.8,0.4486799,5.2,0.6730199,2.6,0.8973598,0,1.1217,0,13.31085,0,25.5,4,-140.5,-114.5,114.5,140.5,
Generic,2D-400,400000,0.475,200,F,3,30,220,0,55,4,-15,0,15,0,-15,55,15,55,8,15,0,12,0.4617,9,0.9234,6,1.3851,3,1.8468,0,2.3085,0,14.90425,0,27.5,4,-140,-110,110,140,
Airbus,A300-B2 SB,315040.6,0.475,185.65,F,3,35,322.953,0,55,4,-17.5,0,17.5,0,-17.5,55,17.5,55,8,17.5,0,14,1.0221,10.5,2.0442,7,3.0663,3.5,4.0884,0,5.1105,0,16.30525,0,27.5,4,-196.4765,-161.4765,161.4765,196.4765,
Airbus,A300-B2 std,315040.6,0.475,185.65,F,3,36.5,321.453,0,55,4,-18.25,0,18.25,0,-18.25,55,18.25,55,8,18.25,0,14.6,1.19022,10.95,2.38044,7.3,3.57066,3.65,4.76088,0,5.9511,0,16.72555,0,27.5,4,-197.2265,-160.7265,160.7265,197.2265,
Airbus,A300-B4 std,365746.9,0.475,216.11,F,3,36.5,321.453,0,55,4,-18.25,0,18.25,0,-18.25,55,18.25,55,8,18.25,0,14.6,1.19022,10.95,2.38044,7.3,3.57066,3.65,4.76088,0,5.9511,0,16.72555,0,27.5,4,-197.2265,-160.7265,160.7265,197.2265,
Airbus,A300-B4 LB,365746.9,0.475,168.24,F,3,38.5,319.453,0,60,4,-19.25,0,19.25,0,-19.25,60,19.25,60,8,19.25,0,15.4,1.15068,11.55,2.30136,7.7,3.45204,3.85,4.60272,0,5.7534,0,17.8767,0,30,4,-198.2265,-159.7265,159.7265,198.2265,
Airbus,A300-600 std,380517.9,0.475,194.35,F,3,36.5,321.453,0,55,4,-18.25,0,18.25,0,-18.25,55,18.25,55,8,18.25,0,14.6,1.19022,10.95,2.38044,7.3,3.57066,3.65,4.76088,0,5.9511,0,16.72555,0,27.5,4,-197.2265,-160.7265,160.7265,197.2265,
Airbus,A300-600 LB,380517.9,0.475,194.35,F,3,38.5,319.453,0,60,4,-19.25,0,19.25,0,-19.25,60,19.25,60,8,19.25,0,15.4,1.15068,11.55,2.30136,7.7,3.45204,3.85,4.60272,0,5.7534,0,17.8767,0,30,4,-198.2265,-159.7265,159.7265,198.2265,
Airbus,A310-200,315040.6,0.475,192.9,F,3,36.5,321.453,0,55,4,-18.25,0,18.25,0,-18.25,55,18.25,55,8,18.25,0,14.6,1.19022,10.95,2.38044,7.3,3.57066,3.65,4.76088,0,5.9511,0,16.72555,0,27.5,4,-197.2265,-160.7265,160.7265,197.2265,
Airbus,A310-300,315040.6,0.475,187.1,F,3,36.5,321.453,0,55,4,-18.25,0,18.25,0,-18.25,55,18.25,55,8,18.25,0,14.6,1.19022,10.95,2.38044,7.3,3.57066,3.65,4.76088,0,5.9511,0,16.72555,0,27.5,4,-197.2265,-160.7265,160.7265,197.2265,
Airbus,A318-100 std,124340.7,0.475,147.94,D,3,36.5,262.319,0,0,2,-18.25,0,18.25,0,4,18.25,0,13.6875,0,9.125,0,0,0,4,-167.6595,-131.1595,131.1595,167.6595,
Airbus,A318-100 opt,150796.2,0.475,179.85,D,3,36.5,262.319,0,0,2,-18.25,0,18.25,0,4,18.25,0,13.6875,0,9.125,0,0,0,4,-167.6595,-131.1595,131.1595,167.6595,
Airbus,A319-100 std,141977.7,0.475,172.6,D,3,36.5,262.319,0,0,2,-18.25,0,18.25,0,4,18.25,0,13.6875,0,9.125,0,0,0,4,-167.6595,-131.1595,131.1595,167.6595,
Airbus,A319-100 opt,150796.2,0.475,200.15,D,3,36.5,262.319,0,0,2,-18.25,0,18.25,0,4,18.25,0,13.6875,0,9.125,0,0,0,4,-167.6595,-131.1595,131.1595,167.6595,
Airbus,A320-100,150796.2,0.475,200.15,D,3,36.5,262.319,0,0,2,-18.25,0,18.25,0,4,18.25,0,13.6875,0,9.125,0,0,0,4,-167.6595,-131.1595,131.1595,167.6595,
Airbus,A320-200 Twin std,162921.6,0.475,200.15,D,3,36.5,262.319,0,0,2,-18.25,0,18.25,0,4,18.25,0,13.6875,0,9.125,0,0,0,4,-167.6595,-131.1595,131.1595,167.6595,
Airbus,A320-200 Twin opt,172842.4,0.475,208.85,D,3,36.5,262.319,0,0,2,-18.25,0,18.25,0,4,18.25,0,13.6875,0,9.125,0,0,0,4,-167.6595,-131.1595,131.1595,167.6595,
Airbus,A320 Bogie,162921.6,0.475,176.95,F,3,30.7,268.119,0,39.5,4,-15.35,0,15.35,0,-15.35,39.5,15.35,39.5,8,15.35,0,12.28,1.357626,9.210001,2.715252,6.14,4.072878,3.07,5.430504,0,6.78813,0,13.26906,0,19.75,4,-164.7595,-134.0595,134.0595,164.7595,
Airbus,A321-100 std,183865.5,0.475,197.25,D,3,36.5,262.319,0,0,2,-18.25,0,18.25,0,4,18.25,0,13.6875,0,9.125,0,0,0,4,-167.6595,-131.1595,131.1595,167.6595,
Airbus,A321-100 opt,188274.8,0.475,201.6,D,3,36.5,262.319,0,0,2,-18.25,0,18.25,0,4,18.25,0,13.6875,0,9.125,0,0,0,4,-167.6595,-131.1595,131.1595,167.6595,
Airbus,A321-200 std,197093.3,0.475,211.755,D,3,36.5,262.32,0,0,2,-18.25,0,18.25,0,4,18.25,0,13.6875,0,9.125,0,0,0,4,-167.66,-131.16,131.16,167.66,
Airbus,A321-200 opt,207014.1,0.475,217.56,D,3,36.5,262.319,0,0,2,-18.25,0,18.25,0,4,18.25,0,13.6875,0,9.125,0,0,0,4,-167.6595,-131.1595,131.1595,167.6595,
Airbus,A330-200 std,509047.4,0.475,205.95,F,3,55,365.5,0,78,4,-27.5,0,27.5,0,-27.5,78,27.5,78,8,27.5,0,22,2.05068,16.5,4.10136,11,6.15204,5.5,8.20272,0,10.2534,0,24.6267,0,39,4,-237.75,-182.75,182.75,237.75,
Airbus,A330-200 opt,515661.2,0.475,205.95,F,3,55,365.5,0,78,4,-27.5,0,27.5,0,-27.5,78,27.5,78,8,27.5,0,22,2.05068,16.5,4.10136,11,6.15204,5.5,8.20272,0,10.2534,0,24.6267,0,39,4,-237.75,-182.75,182.75,237.75,
Airbus,A330-200FR,515661.2,0.475,206,F,3,55,365.5,0,78,4,-27.5,0,27.5,0,-27.5,78,27.5,78,8,27.5,0,22,2.05068,16.5,4.10136,11,6.15204,5.5,8.20272,0,10.2534,0,24.6267,0,39,4,-237.75,-182.75,182.75,237.75,
Airbus,A330-200FP,502433.5,0.475,206,F,3,55,365.5,0,78,4,-27.5,0,27.5,0,-27.5,78,27.5,78,8,27.5,0,22,2.05068,16.5,4.10136,11,6.15204,5.5,8.20272,0,10.2534,0,24.6267,0,39,4,-237.75,-182.75,182.75,237.75,
Airbus,A330-300 std,509047.4,0.475,205.95,F,3,55,365.5,0,78,4,-27.5,0,27.5,0,-27.5,78,27.5,78,8,27.5,0,22,2.05068,16.5,4.10136,11,6.15204,5.5,8.20272,0,10.2534,0,24.6267,0,39,4,-237.75,-182.75,182.75,237.75,
Airbus,A330-300 opt,515661.2,0.475,210.3,F,3,55,365.5,0,78,4,-27.5,0,27.5,0,-27.5,78,27.5,78,8,27.5,0,22,2.05068,16.5,4.10136,11,6.15204,5.5,8.20272,0,10.2534,0,24.6267,0,39,4,-237.75,-182.75,182.75,237.75,
Airbus,A340-200 std,568562.6,0.405,191.4,B,2,55,365.5,0,78,4,-27.5,0,27.5,0,-27.5,78,27.5,78,8,27.5,0,22,2.05068,16.5,4.10136,11,6.15204,5.5,8.20272,0,10.2534,0,24.6267,0,39,4,-237.75,-182.75,182.75,237.75,
Airbus,A340-200 std Belly,568562.6,0.14,158,B,2,0,38,0,0,1,0,0,1,0,0,2,-19,19,
Airbus,A340-200 opt,575176.4,0.406,191.4,B,2,55,365.5,0,78,4,-27.5,0,27.5,0,-27.5,78,27.5,78,8,27.5,0,22,2.05068,16.5,4.10136,11,6.15204,5.5,8.20272,0,10.2534,0,24.6267,0,39,4,-237.75,-182.75,182.75,237.75,
Airbus,A340-200 opt Belly,575176.4,0.14,158,B,2,0,38,0,0,1,0,0,1,0,0,2,-19,19,
Airbus,A340-300 std,608245.1,0.39,206,B,2,55,365.5,0,78,4,-27.5,0,27.5,0,-27.5,78,27.5,78,8,27.5,0,22,2.05068,16.5,4.10136,11,6.15204,5.5,8.20272,0,10.2534,0,24.6267,0,39,4,-237.75,-182.75,182.75,237.75,
Airbus,A340-300 std Belly,608245.1,0.10,158,B,2,0,38,0,0,1,0,0,1,0,0,2,-19,19,
Airbus,A340-300 opt,611552,0.39,206,B,2,55,365.5,0,78,4,-27.5,0,27.5,0,-27.5,78,27.5,78,8,27.5,0,22,2.05068,16.5,4.10136,11,6.15204,5.5,8.20272,0,10.2534,0,24.6267,0,39,4,-237.75,-182.75,182.75,237.75,
Airbus,A340-300 opt Belly,611552,0.10,158,B,2,0,38,0,0,1,0,0,1,0,0,2,-19,19,
Airbus,A340-500 std,813946.6,0.36,233.5,B,2,55,365.5,0,78,4,-27.5,0,27.5,0,-27.5,78,27.5,78,8,27.5,0,22,2.05068,16.5,4.10136,11,6.15204,5.5,8.20272,0,10.2534,0,24.6267,0,39,4,-237.75,-182.75,182.75,237.75,
Airbus,A340-500 std Belly,813946.6,0.235,222,B,2,0,0,0,46,2,0,0,0,78,0,0,0,0,0,0,0,0,
Airbus,A340-500 HGW,840402.1,0.95,233.5,B,2,55,365.5,0,78,4,-27.5,0,27.5,0,-27.5,78,27.5,78,8,27.5,0,22,2.05068,16.5,4.10136,11,6.15204,5.5,8.20272,0,10.2534,0,24.6267,0,39,4,-237.75,-182.75,182.75,237.75,
Airbus,A340-500 HGW Belly,840402.1,0.24,222,B,2,0,0,0,46,2,0,0,0,78,0,0,0,0,0,0,0,0,
Airbus,A340-600 std,807332.8,0.95,233.5,B,2,55,365.5,0,78,4,-27.5,0,27.5,0,-27.5,78,27.5,78,8,27.5,0,22,2.05068,16.5,4.10136,11,6.15204,5.5,8.20272,0,10.2534,0,24.6267,0,39,4,-237.75,-182.75,182.75,237.75,
Airbus,A340-600 std Belly,807332.8,0.23,222,B,2,0,0,0,46,2,0,0,0,78,0,0,0,0,0,0,0,0,
Airbus,A340-600 HGW,840402.1,0.95,233.5,B,2,55,365.5,0,78,4,-27.5,0,27.5,0,-27.5,78,27.5,78,8,27.5,0,22,2.05068,16.5,4.10136,11,6.15204,5.5,8.20272,0,10.2534,0,24.6267,0,39,4,-237.75,-182.75,182.75,237.75,
Airbus,A340-600 HGW Belly,840402.1,0.23,222,B,2,0,0,0,46,2,0,0,0,78,0,0,0,0,0,0,0,0,
Airbus,A350-900 Preliminary,592825,0.475,241,F,3,68.307,349.01,0,80.315,4,-34.1535,0,34.1535,0,-34.1535,80.315,34.1535,80.315,8,34.1535,0,27.3228,3.420034,20.4921,6.84007,13.6614,10.26011,6.8307,13.68014,0,17.10018,0,28.62884,0,40.1575,4,-242.812,-174.505,174.505,242.812,
Airbus,A380,1238998,0.19,217.6,H,3,53.1,437.3,0,66.9,4,-26.55,66.9,-26.55,0,26.55,0,26.55,66.9,8,26.55,0,21.24,2.423141,15.93,4.846283,10.62,7.269425,5.31,9.692567,0,12.11571,0,22.78285,0,33.45,4,-271.75,-218.65,218.65,271.75,
Airbus,A380 Belly,1238998,0.285,217.6,H,3,60.2,147,0,66.9,6,-30.1,66.9,-30.1,0,30.1,0,30.1,66.9,30.1,133.8,-30.1,133.8,8,26.55,0,21.24,2.423141,15.93,4.846283,10.62,7.269425,5.31,9.692567,0,12.11571,0,22.78285,0,33.45,4,-271.75,-218.65,218.65,271.75,
Airbus,A380e,1267658,0.19,217.6,H,3,53.1,437.3,0,70.9,4,-26.55,70.9,-26.55,0,26.55,0,26.55,70.9,8,26.55,0,21.24,2.212182,15.93,4.424363,10.62,6.636545,5.31,8.848726,0,11.06091,0,23.25546,0,35.45,4,-271.75,-218.65,218.65,271.75,
Airbus,A380e Belly,1267658,0.19,217.6,H,3,60.2,147,0,68.9,6,-30.1,68.9,-30.1,0,30.1,0,30.1,68.9,30.1,135.8,-30.1,135.8,8,26.55,0,21.24,2.212182,15.93,4.424363,10.62,6.636545,5.31,8.848726,0,11.06091,0,23.25546,0,35.45,4,-271.75,-218.65,218.65,271.75,
Boeing,B707-320C,336000,0.475,180,F,3,34.6,250.9,0,56,4,-17.3,0,17.3,0,-17.3,56,17.3,56,8,17.3,0,13.84,0.9245279,10.38,1.849056,6.92,2.773584,3.46,3.698111,0,4.622639,0,16.31132,0,28,4,-160.05,-125.45,125.45,160.05,
Boeing,B720B,235000,0.475,145,F,3,32,247,0,49,4,-16,0,16,0,-16,49,16,49,8,16,0,12.8,1.0023,9.6,2.0046,6.4,3.0069,3.2,4.0092,0,5.0115,0,14.75575,0,24.5,4,-155.5,-123.5,123.5,155.5,
Boeing,B717-200 HGW,122000,0.475,164,D,3,26,179.1,0,0,2,-13,0,13,0,4,13,0,9.75,0,6.5,0,0,0,4,-115.55,-89.55,89.55,115.55,
Boeing,B727-100C Alternate,170000,0.475,165,D,3,34,208,0,0,2,-17,0,17,0,4,17,0,12.75,0,8.5,0,0,0,4,-138,-104,104,138,
Boeing,Adv. B727-200C Basic,185200,0.475,148,D,3,34,208,0,0,2,-17,0,17,0,4,17,0,12.75,0,8.5,0,0,0,4,-138,-104,104,138,
Boeing,Adv. B727-200 Option,210000,0.475,173,D,3,34,208,0,0,2,-17,0,17,0,4,17,0,12.75,0,8.5,0,0,0,4,-138,-104,104,138,
Boeing,B737-100,111000,0.475,157,D,3,30.5,190.8,0,0,2,-15.25,0,15.25,0,4,15.25,0,11.4375,0,7.625,0,0,0,4,-125.9,-95.4,95.4,125.9,
Boeing,Adv. B737-200 QC,128600,0.475,182,D,3,30.5,190.8,0,0,2,-15.25,0,15.25,0,4,15.25,0,11.4375,0,7.625,0,0,0,4,-125.9,-95.4,95.4,125.9,
Boeing,Adv. B737-200 LP,117500,0.475,96,D,3,30.5,190.8,0,0,2,-15.25,0,15.25,0,4,15.25,0,11.4375,0,7.625,0,0,0,4,-125.9,-95.4,95.4,125.9,
Boeing,B737-300,140000,0.475,201,D,3,30.5,190.8,0,0,2,-15.25,0,15.25,0,4,15.25,0,11.4375,0,7.625,0,0,0,4,-125.9,-95.4,95.4,125.9,
Boeing,B737-400,150500,0.475,185,D,3,30.5,190.8,0,0,2,-15.25,0,15.25,0,4,15.25,0,11.4375,0,7.625,0,0,0,4,-125.9,-95.4,95.4,125.9,
Boeing,B737-500,134000,0.475,194,D,3,30.5,190.8,0,0,2,-15.25,0,15.25,0,4,15.25,0,11.4375,0,7.625,0,0,0,4,-125.9,-95.4,95.4,125.9,
Boeing,B737-600,146000,0.475,186,D,3,34,208,0,0,2,-17,0,17,0,4,17,0,12.75,0,8.5,0,0,0,4,-138,-104,104,138,
Boeing,B737-700,155000,0.475,197,D,3,34,208,0,0,2,-17,0,17,0,4,17,0,12.75,0,8.5,0,0,0,4,-138,-104,104,138,
Boeing,B737-800,174700,0.475,204,D,3,34,208,0,0,2,-17,0,17,0,4,17,0,12.75,0,8.5,0,0,0,4,-138,-104,104,138,
Boeing,B737-900,174700,0.475,204,D,3,34,208,0,0,2,-17,0,17,0,4,17,0,12.75,0,8.5,0,0,0,4,-138,-104,104,138,
Boeing,B737-900 ER,188200,0.475,220,D,3,34,208,0,0,2,-17,0,17,0,4,17,0,12.75,0,8.5,0,0,0,4,-138,-104,104,138,
Boeing,B737 BBJ,171500,0.475,196,D,3,34,208,0,0,2,-17,0,17,0,4,17,0,12.75,0,8.5,0,0,0,4,-138,-104,104,138,
Boeing,B737 BBJ2,174700,0.475,204,D,3,34,208,0,0,2,-17,0,17,0,4,17,0,12.75,0,8.5,0,0,0,4,-138,-104,104,138,
Boeing,B747-100 SF,738000,0.2375,232,B,2,44,388,0,58,4,-22,58,-22,0,22,0,22,58,8,22,0,17.6,1.8726,13.2,3.7452,8.8,5.6178,4.4,7.4904,0,9.363,0,19.1815,0,29,4,-238,-194,194,238,
Boeing,B747-100 SF Belly,738000,0.2375,232,H,3,44,44,0,58,4,-22,58,-22,0,22,0,22,58,8,22,0,17.6,1.8726,13.2,3.7452,8.8,5.6178,4.4,7.4904,0,9.363,0,19.1815,0,29,4,-238,-194,194,238,
Boeing,B747-200B Combi Mixed,836000,0.2375,190,B,2,44,390,0,58,4,-22,58,-22,0,22,0,22,58,8,22,0,17.6,1.8726,13.2,3.7452,8.8,5.6178,4.4,7.4904,0,9.363,0,19.1815,0,29,4,-239,-195,195,239,
Boeing,B747-200B Combi Mixed Belly,836000,0.2375,190,B,2,44,44,0,58,4,-22,58,-22,0,22,0,22,58,8,22,0,17.6,1.8726,13.2,3.7452,8.8,5.6178,4.4,7.4904,0,9.363,0,19.1815,0,29,4,-239,-195,195,239,
Boeing,B747-300 Combi Mixed,836000,0.2375,190,B,2,44,390,0,58,4,-22,58,-22,0,22,0,22,58,8,22,0,17.6,1.8726,13.2,3.7452,8.8,5.6178,4.4,7.4904,0,9.363,0,19.1815,0,29,4,-239,-195,195,239,
Boeing,B747-300 Combi Mixed Belly,836000,0.2375,190,B,2,44,44,0,58,4,-22,58,-22,0,22,0,22,58,8,22,0,17.6,1.8726,13.2,3.7452,8.8,5.6178,4.4,7.4904,0,9.363,0,19.1815,0,29,4,-239,-195,195,239,
Boeing,B747-400,877000,0.2375,200,B,2,44,390,0,58,4,-22,58,-22,0,22,0,22,58,8,22,0,17.6,1.8726,13.2,3.7452,8.8,5.6178,4.4,7.4904,0,9.363,0,19.1815,0,29,4,-239,-195,195,239,
Boeing,B747-400 Belly,877000,0.2375,200,B,2,44,44,0,58,4,-22,58,-22,0,22,0,22,58,8,22,0,17.6,1.8726,13.2,3.7452,8.8,5.6178,4.4,7.4904,0,9.363,0,19.1815,0,29,4,-239,-195,195,239,
Boeing,B747-400ER,913000,0.2375,230,B,2,44,390,0,58,4,-22,58,-22,0,22,0,22,58,8,22,0,17.6,1.8726,13.2,3.7452,8.8,5.6178,4.4,7.4904,0,9.363,0,19.1815,0,29,4,-239,-195,195,239,
Boeing,B747-400ER Belly,913000,0.2375,230,B,2,44,44,0,58,4,-22,58,-22,0,22,0,22,58,8,22,0,17.6,1.8726,13.2,3.7452,8.8,5.6178,4.4,7.4904,0,9.363,0,19.1815,0,29,4,-239,-195,195,239,
Boeing,B747-8,990000,0.2375,221,H,3,46.8,398.6,0,56.5,4,-23.4,56.5,-23.4,0,23.4,0,23.4,56.5,8,23.4,0,18.72,2.265534,14.04,4.531068,9.36,6.796602,4.68,9.062136,0,11.32767,0,19.78883,0,28.25,4,-246.1,-199.3,199.3,246.1,
Boeing,B747-8 Belly,990000,0.2375,221,H,3,46.8,46.8,0,56.5,4,-23.4,56.5,-23.4,0,23.4,0,23.4,56.5,8,23.4,0,18.72,2.265534,14.04,4.531068,9.36,6.796602,4.68,9.062136,0,11.32767,0,19.78883,0,28.25,4,-246.1,-199.3,199.3,246.1,
Boeing,B747-8F,990000,0.2375,221,B,4,46.8,398.6,0,56.5,4,-23.4,56.5,-23.4,0,23.4,0,23.4,56.5,8,23.4,0,18.72,2.265534,14.04,4.531068,9.36,6.796602,4.68,9.062136,0,11.32767,0,19.78883,0,28.25,4,-246.1,-199.3,199.3,246.1,
Boeing,B747-8F Belly,990000,0.2375,221,B,2,46.8,46.8,0,56.5,4,-23.4,56.5,-23.4,0,23.4,0,23.4,56.5,8,23.4,0,18.72,2.265534,14.04,4.531068,9.36,6.796602,4.68,9.062136,0,11.32767,0,19.78883,0,28.25,4,-246.1,-199.3,199.3,246.1,
Boeing,B747-SP,703000,0.2375,205,B,2,44,393,0,58,4,-22,58,-22,0,22,0,22,58,8,22,0,17.6,1.8726,13.2,3.7452,8.8,5.6178,4.4,7.4904,0,9.363,0,19.1815,0,29,4,-240.5,-196.5,196.5,240.5,
Boeing,B747-SP Belly,703000,0.2375,205,B,2,44,44,0,58,4,-22,58,-22,0,22,0,22,58,8,22,0,17.6,1.8726,13.2,3.7452,8.8,5.6178,4.4,7.4904,0,9.363,0,19.1815,0,29,4,-240.5,-196.5,196.5,240.5,
Boeing,B757-200,256000,0.475,183,F,3,34,271,0,45,4,-17,0,17,0,-17,45,17,45,8,17,0,13.6,1.43742,10.2,2.87484,6.8,4.31226,3.4,5.74968,0,7.1871,0,14.84355,0,22.5,4,-169.5,-135.5,135.5,169.5,
Boeing,B757-300,273500,0.475,200,F,3,34,271,0,45,4,-17,0,17,0,-17,45,17,45,8,17,0,13.6,1.43742,10.2,2.87484,6.8,4.31226,3.4,5.74968,0,7.1871,0,14.84355,0,22.5,4,-169.5,-135.5,135.5,169.5,
Boeing,B767-200,361000,0.475,190,F,3,45,343.5,0,56,4,-22.5,0,22.5,0,-22.5,56,22.5,56,8,22.5,0,18,2.09016,13.5,4.18032,9,6.27048,4.5,8.36064,0,10.4508,0,19.2254,0,28,4,-216.75,-171.75,171.75,216.75,
Boeing,B767-200 ER,396000,0.475,190,F,3,45,343.5,0,56,4,-22.5,0,22.5,0,-22.5,56,22.5,56,8,22.5,0,18,2.09016,13.5,4.18032,9,6.27048,4.5,8.36064,0,10.4508,0,19.2254,0,28,4,-216.75,-171.75,171.75,216.75,
Boeing,B767-300,361000,0.475,182,F,3,45,343.5,0,56,4,-22.5,0,22.5,0,-22.5,56,22.5,56,8,22.5,0,18,2.09016,13.5,4.18032,9,6.27048,4.5,8.36064,0,10.4508,0,19.2254,0,28,4,-216.75,-171.75,171.75,216.75,
Boeing,B767-300 ER,413000,0.475,200,F,3,45,358.5,0,56,4,-22.5,0,22.5,0,-22.5,56,22.5,56,8,22.5,0,18,2.09016,13.5,4.18032,9,6.27048,4.5,8.36064,0,10.4508,0,19.2254,0,28,4,-224.25,-179.25,179.25,224.25,
Boeing,B767-300 ER Freighter,413000,0.475,200,F,3,45,343.1,0,56,4,-22.5,0,22.5,0,-22.5,56,22.5,56,8,22.5,0,18,2.09016,13.5,4.18032,9,6.27048,4.5,8.36064,0,10.4508,0,19.2254,0,28,4,-216.55,-171.55,171.55,216.55,
Boeing,B767-400 ER,451000,0.475,218,F,3,45.8,343.1,0,54,4,-22.9,0,22.9,0,-22.9,54,22.9,54,8,22.9,0,18.32,2.285304,13.74,4.570607,9.16,6.855912,4.58,9.141215,0,11.42652,0,19.21326,0,27,4,-217.35,-171.55,171.55,217.35,
Boeing,B777-200 Baseline,547000,0.475,182,N,3,55,377,0,57,6,-27.5,-57,27.5,-57,-27.5,0,27.5,0,-27.5,57,27.5,57,6,27.5,0,22,0,16.5,0,11,0,5.5,0,0,0,4,-243.5,-188.5,188.5,243.5,
Boeing,B777-200 ER,658000,0.475,205,N,3,55,377,0,57,6,-27.5,-57,27.5,-57,-27.5,0,27.5,0,-27.5,57,27.5,57,6,27.5,0,22,0,16.5,0,11,0,5.5,0,0,0,4,-243.5,-188.5,188.5,243.5,
Boeing,B777-200 LR,768000,0.475,218,N,3,55,377,0,57.6,6,-27.5,-57.6,27.5,-57.6,-27.5,0,27.5,0,-27.5,57.6,27.5,57.6,6,27.5,0,22,0,16.5,0,11,0,5.5,0,0,0,4,-243.5,-188.5,188.5,243.5,
Boeing,B777-300 Baseline,662000,0.475,215,N,3,55,377,0,57,6,-27.5,-57,27.5,-57,-27.5,0,27.5,0,-27.5,57,27.5,57,6,27.5,0,22,0,16.5,0,11,0,5.5,0,0,0,4,-243.5,-188.5,188.5,243.5,
Boeing,B777-300 ER,777000,0.475,221,N,3,55,377,0,57.6,6,-27.5,-57.6,27.5,-57.6,-27.5,0,27.5,0,-27.5,57.6,27.5,57.6,6,27.5,0,22,0,16.5,0,11,0,5.5,0,0,0,4,-243.5,-188.5,188.5,243.5,
Boeing,B777 Freighter (Preliminary),768800,0.475,221,N,3,55,377,0,57.6,6,-27.5,-57.6,27.5,-57.6,-27.5,0,27.5,0,-27.5,57.6,27.5,57.6,6,27.5,0,22,0,16.5,0,11,0,5.5,0,0,0,4,-243.5,-188.5,188.5,243.5,
Boeing,B787-8,503500,0.475,228,F,3,51,335,0,57.5,4,-25.5,0,25.5,0,-25.5,57.5,25.5,57.5,8,25.5,0,20.4,2.68353,15.3,5.36706,10.2,8.050591,5.1,10.73412,0,13.41765,0,21.08382,0,28.75,4,-218.5,-167.5,167.5,218.5,
Boeing,B787-9 (Preliminary),555000,0.475,224,F,3,60,326,0,59.5,4,-30,0,30,0,-30,59.5,30,59.5,8,30,0,24,3.586771,18,7.17354,12,10.76031,6,14.34708,0,17.93385,0,23.84192,0,29.75,4,-223,-163,163,223,
McDonnell Douglas,DC3,25200,0.475,45,B,2,222,0,0,0,1,0,0,1,0,0,2,-111,111,
McDonnell Douglas,DC4,73000,0.475,75,D,3,29.1,235,0,0,2,-14.55,0,14.55,0,4,14.55,0,10.9125,0,7.275,0,0,0,4,-146.6,-117.5,117.5,146.6,
McDonnell Douglas,DC8-43,318000,0.475,177,F,3,30,204,0,55,4,-15,0,15,0,-15,55,15,55,8,15,0,12,0.4617,9,0.9234,6,1.3851,3,1.8468,0,2.3085,0,14.90425,0,27.5,4,-132,-102,102,132,
McDonnell Douglas,DC8-63/73,358000,0.475,196,F,3,32,201.5,0,55,4,-16,0,16,0,-16,55,16,55,8,16,0,12.8,0.6858599,9.6,1.37172,6.4,2.05758,3.2,2.74344,0,3.4293,0,15.46465,0,27.5,4,-132.75,-100.75,100.75,132.75,
McDonnell Douglas,DC9-32,109000,0.475,155,D,3,25,183.5,0,0,2,-12.5,0,12.5,0,4,12.5,0,9.375,0,6.25,0,0,0,4,-116.75,-91.75,91.75,116.75,
McDonnell Douglas,DC9-51,122000,0.475,172,D,3,26,179,0,0,2,-13,0,13,0,4,13,0,9.75,0,6.5,0,0,0,4,-115.5,-89.5,89.5,115.5,
McDonnell Douglas,DC10-10,458000,0.475,195,F,3,54,393,0,64,4,-27,0,27,0,-27,64,27,64,8,27,0,21.6,2.67696,16.2,5.35392,10.8,8.03088,5.4,10.70784,0,13.3848,0,22.6924,0,32,4,-250.5,-196.5,196.5,250.5,
McDonnell Douglas,DC10-30/40,583000,0.39,177,H,3,54,393,0,64,4,-27,0,27,0,-27,64,27,64,8,27,0,21.6,2.67696,16.2,5.35392,10.8,8.03088,5.4,10.70784,0,13.3848,0,22.6924,0,32,4,-250.5,-196.5,196.5,250.5,
McDonnell Douglas,MD11ER,633000,0.39,206,H,3,54,393,0,64,4,-27,0,27,0,-27,64,27,64,8,27,0,21.6,2.67696,16.2,5.35392,10.8,8.03088,5.4,10.70784,0,13.3848,0,22.6924,0,32,4,-250.5,-196.5,196.5,250.5,
McDonnell Douglas,MD83,161000,0.475,195,D,3,28.125,155.6,0,0,2,-14.0625,0,14.0625,0,4,14.0625,0,10.54688,0,7.03125,0,0,0,4,-105.925,-77.8,77.8,105.925,
McDonnell Douglas,MD90-30 ER,168500,0.475,193,D,3,28.125,155.6,0,0,2,-14.0625,0,14.0625,0,4,14.0625,0,10.54688,0,7.03125,0,0,0,4,-105.925,-77.8,77.8,105.925,
Other Commercial,An-124,877430,0.475,149,Z,3,39.4,275.6,0,67.3,10,-19.7,0,19.7,0,-19.7,67.3,19.7,67.3,-19.7,134.6,19.7,134.6,-19.7,201.9,19.7,201.9,-19.7,269.2,19.7,269.2,12,19.7,0,14.775,0,9.85,0,0,0,19.7,67.3,14.775,67.3,9.85,67.3,0,67.3,19.7,134.6,14.775,134.6,9.85,134.6,0,134.6,4,-177.2,-137.8,137.8,177.2,
Other Commercial,An-225,1322750,0.475,162,Z,3,39.4,308.6,0,67.3,14,-19.7,0,19.7,0,-19.7,67.3,19.7,67.3,-19.7,134.6,19.7,134.6,-19.7,201.9,19.7,201.9,-19.7,269.2,19.7,269.2,-19.7,336.5,19.7,336.5,-19.7,403.8,19.7,403.8,16,19.7,0,14.775,0,9.85,0,0,0,19.7,67.3,14.775,67.3,9.85,67.3,0,67.3,19.7,134.6,14.775,134.6,9.85,134.6,0,134.6,19.7,201.9,14.775,201.9,9.85,201.9,0,201.9,4,-193.7,-154.3,154.3,193.7,
Other Commercial,BAe 146,95000,0.475,140,D,3,26,160,0,0,2,-13,0,13,0,4,13,0,9.75,0,6.5,0,0,0,4,-106,-80,80,106,
Other Commercial,BAC 1-11 400,87501.47,0.475,134.8851,D,3,20.86614,163,0,0,2,-10.43307,0,10.43307,0,4,10.43307,0,7.824803,0,5.216536,0,0,0,4,-102.3661,-81.5,81.5,102.3661,
Other Commercial,BAC 1-11 475,98500.33,0.475,82.67152,D,3,24.40945,163.78,0,0,2,-12.20473,0,12.20473,0,4,12.20473,0,9.153543,0,6.102363,0,0,0,4,-106.2995,-81.89,81.89,106.2995,
Other Commercial,Caravelle 10,114640.4,0.475,169.6942,Z,6,0,205,0,0,4,-7.874016,0,7.874016,0,-8.858268,42.12598,8.858268,42.12598,8,7.874016,0,6.299213,0,4.72441,0,3.149606,0,1.574803,0,0,0,0,10.5315,0,21.06299,4,-102.5,-102.5,102.5,102.5,
Other Commercial,Caravelle 12,123370.7,0.475,156.6408,Z,6,0,205,0,0,4,-8.070867,0,-7.480315,42.12598,7.480315,42.12598,8.070867,0,8,7.480315,42.12598,5.984252,42.12598,4.488189,42.12598,2.992126,42.12598,1.496063,42.12598,0,42.12598,0,31.59449,0,21.06299,4,-102.5,-102.5,102.5,102.5,
Other Commercial,Canadair CL 44,211000,0.475,162.4423,Z,6,0,372,0,0,4,-14.96063,0,14.96063,0,-10.03937,48.0315,10.03937,48.0315,8,10.03937,48.0315,8.031496,48.0315,6.023622,48.0315,4.015748,48.0315,2.007874,48.0315,0,48.0315,0,36.02362,0,24.01575,4,-186,-186,186,186,
Other Commercial,Concorde,410000,0.475,183,F,3,26.72,277.28,0,65.7,4,-13.36,0,13.36,0,-13.36,65.7,13.36,65.7,8,13.36,0,10.688,0,8.016,0,5.344,0,2.672,0,0,0,0,16.425,0,32.85,4,-165.36,-138.64,138.64,165.36,
Other Commercial,CV 880M,193499.7,0.475,149.3889,F,3,21.65354,204.346,0,44.88189,4,-10.82677,0,10.82677,0,-10.82677,44.88189,10.82677,44.88189,8,10.82677,0,8.661418,0.05985826,6.496063,0.1197165,4.330709,0.1795748,2.165354,0.2394331,0,0.2992914,0,11.37012,0,22.44094,4,-123.8265,-102.173,102.173,123.8265,
Other Commercial,CV 990,254999.9,0.475,185.6483,F,3,24.01575,214.984,0,46.4567,4,-12.00787,0,12.00787,0,-12.00787,46.4567,12.00787,46.4567,8,12.00787,0,9.606299,0.241559,7.204725,0.483118,4.80315,0.724677,2.401575,0.9662359,0,1.207795,0,12.21807,0,23.22835,4,-131.5078,-107.492,107.492,131.5078,
Other Commercial,Dash 7,43799.23,0.475,107.3279,D,3,16.53543,265.5,0,0,2,-8.267716,0,8.267716,0,4,8.267716,0,6.200788,0,4.133858,0,0,0,4,-149.2854,-132.75,132.75,149.2854,
Other Commercial,ERJ-135,42108,0.475,134,D,3,18.11,142.89,0,0,2,-9.055,0,9.055,0,4,9.055,0,6.79125,0,4.5275,0,0,0,4,-89.555,-71.445,71.445,89.555,
Other Commercial,ERJ-140,46738,0.475,153,D,3,18.11,142.89,0,0,2,-9.055,0,9.055,0,4,9.055,0,6.79125,0,4.5275,0,0,0,4,-89.555,-71.445,71.445,89.555,
Other Commercial,ERJ-145 ER,45635,0.475,145,D,3,18.11,142.89,0,0,2,-9.055,0,9.055,0,4,9.055,0,6.79125,0,4.5275,0,0,0,4,-89.555,-71.445,71.445,89.555,
Other Commercial,ERJ-145 EP,46495,0.475,148,D,3,18.11,142.89,0,0,2,-9.055,0,9.055,0,4,9.055,0,6.79125,0,4.5275,0,0,0,4,-89.555,-71.445,71.445,89.555,
Other Commercial,ERJ-145 XR,53352,0.475,175,D,3,18.11,142.89,0,0,2,-9.055,0,9.055,0,4,9.055,0,6.79125,0,4.5275,0,0,0,4,-89.555,-71.445,71.445,89.555,
Other Commercial,EMB-170 STD,79697,0.475,126,D,3,26,179,0,0,2,-13,0,13,0,4,13,0,9.75,0,6.5,0,0,0,4,-115.5,-89.5,89.5,115.5,
Other Commercial,EMB-175 STD,83026,0.475,136,D,3,26,179,0,0,2,-13,0,13,0,4,13,0,9.75,0,6.5,0,0,0,4,-115.5,-89.5,89.5,115.5,
Other Commercial,EMB-190 STD,105712,0.475,147,D,3,34,200,0,0,2,-17,0,17,0,4,17,0,12.75,0,8.5,0,0,0,4,-134,-100,100,134,
Other Commercial,EMB-195 STD,107916,0.475,154,D,3,34,200,0,0,2,-17,0,17,0,4,17,0,12.75,0,8.5,0,0,0,4,-134,-100,100,134,
Other Commercial,F27 Friendship Mk500,43600.82,0.475,78.32038,D,3,17.71654,265.3,0,0,2,-8.858268,0,8.858268,0,4,8.858268,0,6.643701,0,4.429134,0,0,0,4,-150.3665,-132.65,132.65,150.3665,
Other Commercial,F28 Friendship Mk1000LPT,65001.09,0.475,84.12189,D,3,22.83465,211.2,0,0,2,-11.41732,0,11.41732,0,4,11.41732,0,8.562992,0,5.708662,0,0,0,4,-128.4346,-105.6,105.6,128.4346,
Other Commercial,F28 Friendship Mk1000HTP,65001.09,0.475,100.076,D,3,21.65354,212.3,0,0,2,-10.82677,0,10.82677,0,4,10.82677,0,8.120079,0,5.413386,0,0,0,4,-127.8035,-106.15,106.15,127.8035,
Other Commercial,Fokker 50 HTP,45900.24,0.475,85.57227,D,3,20.47244,175.9,0,0,2,-10.23622,0,10.23622,0,4,10.23622,0,7.677165,0,5.11811,0,0,0,4,-108.4224,-87.95,87.95,108.4224,
Other Commercial,Fokker F100,101000,0.475,156,D,3,23.1,175.3,0,0,2,-11.55,0,11.55,0,4,11.55,0,8.6625,0,5.775,0,0,0,4,-110.75,-87.65,87.65,110.75,
Other Commercial,HS125,25000.42,0.475,120.3813,D,3,12.59843,97.4,0,0,2,-6.299213,0,6.299213,0,4,6.299213,0,4.72441,0,3.149606,0,0,0,4,-61.29843,-48.7,48.7,61.29843,
Other Commercial,HS748,46499.9,0.475,85.57227,D,3,18.89764,278.1,0,0,2,-9.448819,0,9.448819,0,4,9.448819,0,7.086615,0,4.72441,0,0,0,4,-157.9476,-139.05,139.05,157.9476,
Other Commercial,IL62,358471.6,0.475,156.6408,F,3,31.49606,267.7166,0,64.96063,4,-15.74803,0,15.74803,0,-15.74803,64.96063,15.74803,64.96063,8,15.74803,0,12.59843,0.104055,9.448819,0.2081099,6.299213,0.3121649,3.149606,0.4162199,0,0.5202748,0,16.5003,0,32.48032,4,-165.3543,-133.8583,133.8583,165.3543,
Other Commercial,IL76T,376990.4,0.475,76.87,Z,6,24.40945,240.1575,32.28347,101.5748,8,-40.55118,0,-16.14173,0,16.14173,0,40.55118,0,-40.55118,101.5748,-16.14173,101.5748,16.14173,101.5748,40.55118,101.5748,11,12.20473,0,9.763781,0,7.322835,0,4.88189,0,2.440945,0,0,0,0,25.3937,0,50.7874,16.14173,0,40.55118,0,28.34646,0,4,-144.4882,-120.0787,120.0787,144.4882,
Other Commercial,IL86,466277.7,0.3166667,127.6332,H,3,49.2126,389.7638,0,58.66142,4,-24.6063,0,24.6063,0,-24.6063,58.66142,24.6063,58.66142,8,24.6063,0,19.68504,2.421945,14.76378,4.84389,9.842521,7.265835,4.92126,9.68778,0,12.10972,0,20.72022,0,29.33071,6,-244.0945,-194.8819,-24.6063,24.6063,194.8819,244.0945,
Other Commercial,L-100-20,155800.7,0.475,104.4272,E,2,0,171,0,60.6,2,0,0,0,60.62992,4,0,0,0,10,0,20,0,30,0,
Other Commercial,L-1011,498000,0.475,180,F,3,52,380,0,70,4,-26,0,26,0,-26,70,26,70,8,26,0,20.8,2.136359,15.6,4.27272,10.4,6.40908,5.2,8.54544,0,10.6818,0,22.8409,0,35,4,-242,-190,190,242,
Other Commercial,TU134A,108026.5,0.475,120.3813,F,3,22.04725,372.0472,0,38.97638,4,-11.02362,0,11.02362,0,-11.02362,38.97638,11.02362,38.97638,8,11.02362,0,8.818898,0.4154409,6.614174,0.8308818,4.409449,1.246323,2.204725,1.661764,0,2.077205,0,10.7827,0,19.48819,4,-208.0709,-186.0236,186.0236,208.0709,
Other Commercial,TU154B,216053,0.475,134.8851,N,3,22.04725,452.7559,0,38.97638,6,-11.02362,-38.58268,11.02362,-38.58268,-11.02362,0,11.02362,0,-11.02362,40.55118,11.02362,40.55118,6,11.02362,0,8.818898,0,6.614173,0,4.409449,0,2.204725,0,0,0,4,-248.4252,-226.378,226.378,248.4252,
General Aviation,Single Wheel 2,2000,1,30,A,1,0,0,0,0,1,0,0,1,0,0,1,0,
General Aviation,Single Wheel 5,5000,1,45,A,1,0,0,0,0,1,0,0,1,0,0,1,0,
General Aviation,Single Wheel 10,10000,1,50,A,1,0,0,0,0,1,0,0,1,0,0,1,0,
General Aviation,S-3,3000,0.475,50,B,2,150,0,0,0,1,0,0,1,0,0,2,-75,75,
General Aviation,S-5,5000,0.475,50,B,2,150,0,0,0,1,0,0,1,0,0,2,-75,75,
General Aviation,S-10,10000,0.475,50,B,2,150,0,0,0,1,0,0,1,0,0,2,-75,75,
General Aviation,S-12.5,12500,0.475,50,B,2,150,0,0,0,1,0,0,1,0,0,2,-75,75,
General Aviation,S-15,15000,0.475,50,B,2,150,0,0,0,1,0,0,1,0,0,2,-75,75,
General Aviation,S-20,20000,0.475,75,B,2,150,0,0,0,1,0,0,1,0,0,2,-75,75,
General Aviation,S-25,25000,0.475,100,B,2,150,0,0,0,1,0,0,1,0,0,2,-75,75,
General Aviation,S-30 HTP,30000,0.475,125,B,2,150,0,0,0,1,0,0,1,0,0,2,-75,75,
General Aviation,S-35 HTP,35000,0.475,125,B,2,150,0,0,0,1,0,0,1,0,0,2,-75,75,
General Aviation,S-40 HTP,40000,0.475,125,B,2,150,0,0,0,1,0,0,1,0,0,2,-75,75,
General Aviation,D-15,15000,0.475,55,D,3,11,139,0,0,2,-5.5,0,5.5,0,4,5.5,0,4.125,0,2.75,0,0,0,4,-80.5,-69.5,69.5,80.5,
General Aviation,D-20,20000,0.475,65,D,3,12,138,0,0,2,-6,0,6,0,4,6,0,4.5,0,3,0,0,0,4,-81,-69,69,81,
General Aviation,D-25,25000,0.475,75,D,3,15,135,0,0,2,-7.5,0,7.5,0,4,7.5,0,5.625,0,3.75,0,0,0,4,-82.5,-67.5,67.5,82.5,
General Aviation,D-30,30000,0.475,85,D,3,15,135,0,0,2,-7.5,0,7.5,0,4,7.5,0,5.625,0,3.75,0,0,0,4,-82.5,-67.5,67.5,82.5,
General Aviation,D-35,35000,0.475,90,D,3,15,135,0,0,2,-7.5,0,7.5,0,4,7.5,0,5.625,0,3.75,0,0,0,4,-82.5,-67.5,67.5,82.5,
General Aviation,D-40,40000,0.475,90,D,3,15,135,0,0,2,-7.5,0,7.5,0,4,7.5,0,5.625,0,3.75,0,0,0,4,-82.5,-67.5,67.5,82.5,
General Aviation,Aztec-D,5200,0.475,46,B,2,136,0,0,0,1,0,0,1,0,0,2,-68,68,
General Aviation,Baron-E-55,5424,0.475,56,B,2,96,0,0,0,1,0,0,1,0,0,2,-48,48,
General Aviation,BeechJet-400,15500,0.475,90,B,2,112,0,0,0,1,0,0,1,0,0,2,-56,56,
General Aviation,BeechJet-400A,16300,0.475,105,B,2,112,0,0,0,1,0,0,1,0,0,2,-56,56,
General Aviation,Bonanza-F-33A,3412,0.475,40,B,2,115,0,0,0,1,0,0,1,0,0,2,-57.5,57.5,
General Aviation,Canadair-CL-215,33000,0.475,177,B,2,207,0,0,0,1,0,0,1,0,0,2,-103.5,103.5,
General Aviation,Centurion-210,4100,0.475,50,B,2,102,0,0,0,1,0,0,1,0,0,2,-51,51,
General Aviation,Challenger-CL-604,48200,0.475,145,D,3,17.4,107.6,0,0,2,-8.7,0,8.7,0,4,8.7,0,6.525,0,4.35,0,0,0,4,-71.2,-53.8,53.8,71.2,
General Aviation,Chancellor-414,6200,0.475,62,B,2,175.5,0,0,0,1,0,0,1,0,0,2,-87.75,87.75,
General Aviation,Chk.Arrow-PA-28-200,2500,0.475,50,B,2,126,0,0,0,1,0,0,1,0,0,2,-63,63,
General Aviation,Chk.Six-PA-32,3400,0.475,50,B,2,127,0,0,0,1,0,0,1,0,0,2,-63.5,63.5,
General Aviation,Citation-525,10500,0.475,98,B,2,151,0,0,0,1,0,0,1,0,0,2,-75.5,75.5,
General Aviation,Citation-550B,15000,0.475,130,B,2,157,0,0,0,1,0,0,1,0,0,2,-78.5,78.5,
General Aviation,Citation-V,16500,0.475,130,B,2,151,0,0,0,1,0,0,1,0,0,2,-75.5,75.5,
General Aviation,Citation-VI/VII,23200,0.475,168,D,3,9.75,103.26,0,0,2,-4.875,0,4.875,0,4,4.875,0,3.65625,0,2.4375,0,0,0,4,-61.38,-51.63,51.63,61.38,
General Aviation,Citation-X,36000,0.475,189,D,3,12.25,114.76,0,0,2,-6.125,0,6.125,0,4,6.125,0,4.59375,0,3.0625,0,0,0,4,-69.63,-57.38,57.38,69.63,
General Aviation,Conquest-441,9925,0.475,95,B,2,168,0,0,0,1,0,0,1,0,0,2,-84,84,
General Aviation,DC-3,26900,0.475,45,B,2,222,0,0,0,1,0,0,1,0,0,2,-111,111,
General Aviation,Falcon-50,38800,0.475,208,D,3,14,143,0,0,2,-7,0,7,0,4,7,0,5.25,0,3.5,0,0,0,4,-85.5,-71.5,71.5,85.5,
General Aviation,Falcon-900,45500,0.475,145,D,3,14,161,0,0,2,-7,0,7,0,4,7,0,5.25,0,3.5,0,0,0,4,-94.5,-80.5,80.5,94.5,
General Aviation,Falcon-2000,35000,0.475,197,D,3,14,160,0,0,2,-7,0,7,0,4,7,0,5.25,0,3.5,0,0,0,4,-94,-80,80,94,
General Aviation,Fokker-F-28-1000,66500,0.475,96,D,3,22.8,175.6,0,0,2,-11.4,0,11.4,0,4,11.4,0,8.549999,0,5.7,0,0,0,4,-110.6,-87.8,87.8,110.6,
General Aviation,Fokker-F-28-2000,65000,0.475,97,D,3,22.8,175.6,0,0,2,-11.4,0,11.4,0,4,11.4,0,8.549999,0,5.7,0,0,0,4,-110.6,-87.8,87.8,110.6,
General Aviation,Fokker-F-28-4000,73000,0.475,105,D,3,22.8,175.6,0,0,2,-11.4,0,11.4,0,4,11.4,0,8.549999,0,5.7,0,0,0,4,-110.6,-87.8,87.8,110.6,
General Aviation,GrnCaravan-CE-208B,8750,0.475,75,B,2,164,0,0,0,1,0,0,1,0,0,2,-82,82,
General Aviation,Gulfstream-G-II,66000,0.475,160,D,3,15.75,148.26,0,0,2,-7.875,0,7.875,0,4,7.875,0,5.90625,0,3.9375,0,0,0,4,-89.88,-74.13,74.13,89.88,
General Aviation,Gulfstream-G-III,70200,0.475,175,D,3,15.75,148.26,0,0,2,-7.875,0,7.875,0,4,7.875,0,5.90625,0,3.9375,0,0,0,4,-89.88,-74.13,74.13,89.88,
General Aviation,Gulfstream-G-IV,75000,0.475,185,D,3,15.75,148.26,0,0,2,-7.875,0,7.875,0,4,7.875,0,5.90625,0,3.9375,0,0,0,4,-89.88,-74.13,74.13,89.88,
General Aviation,Gulfstream-G-V,90900,0.475,188,D,3,18.5,153.5,0,0,2,-9.25,0,9.25,0,4,9.25,0,6.9375,0,4.625,0,0,0,4,-95.25,-76.75,76.75,95.25,
General Aviation,Hawker-800,27520,0.475,135,D,3,13.3,96.7,0,0,2,-6.65,0,6.65,0,4,6.65,0,4.9875,0,3.325,0,0,0,4,-61.65,-48.35,48.35,61.65,
General Aviation,Hawker-800XP,28120,0.475,135,D,3,13.3,96.7,0,0,2,-6.65,0,6.65,0,4,6.65,0,4.9875,0,3.325,0,0,0,4,-61.65,-48.35,48.35,61.65,
General Aviation,KingAir-B-100,11500,0.475,52,D,3,11.58,180,0,0,2,-5.79,0,5.79,0,4,5.79,0,4.3425,0,2.895,0,0,0,4,-101.58,-90,90,101.58,
General Aviation,KingAir-C-90,9710,0.475,58,B,2,153,0,0,0,1,0,0,1,0,0,2,-76.5,76.5,
General Aviation,Learjet-35A/65A,18000,0.475,171,D,3,12,87,0,0,2,-6,0,6,0,4,6,0,4.5,0,3,0,0,0,4,-55.5,-43.5,43.5,55.5,
General Aviation,Learjet-55,21500,0.475,201,D,3,12,87,0,0,2,-6,0,6,0,4,6,0,4.5,0,3,0,0,0,4,-55.5,-43.5,43.5,55.5,
General Aviation,Malibu-PA-46-350P,4118,0.475,55,B,2,146,0,0,0,1,0,0,1,0,0,2,-73,73,
General Aviation,Navajo-C,6536,0.475,66,B,2,165,0,0,0,1,0,0,1,0,0,2,-82.5,82.5,
General Aviation,RegionalJet-200,47450,0.475,177,D,3,11.56,113.4,0,0,2,-5.78,0,5.78,0,4,5.78,0,4.335,0,2.89,0,0,0,4,-68.26,-56.7,56.7,68.26,
General Aviation,RegionalJet-700,72500,0.475,183,D,3,21.6,140.4,0,0,2,-10.8,0,10.8,0,4,10.8,0,8.1,0,5.4,0,0,0,4,-91.8,-70.2,70.2,91.8,
General Aviation,Sabreliner-40,19035,0.475,185,B,2,86.52,0,0,0,1,0,0,1,0,0,2,-43.26,43.26,
General Aviation,Sabreliner-60,20372,0.475,214,B,2,86.52,0,0,0,1,0,0,1,0,0,2,-43.26,43.26,
General Aviation,Sabreliner-65,24000,0.475,159,B,2,86.52,0,0,0,1,0,0,1,0,0,2,-43.26,43.26,
General Aviation,Sabreliner-80,23500,0.475,185,D,3,11.5,77,0,0,2,-5.75,0,5.75,0,4,5.75,0,4.3125,0,2.875,0,0,0,4,-50,-38.5,38.5,50,
General Aviation,Sarat.PA-32R-301,3616,0.475,38,B,2,133,0,0,0,1,0,0,1,0,0,2,-66.5,66.5,
General Aviation,Seneca-II,4570,0.475,55,B,2,133,0,0,0,1,0,0,1,0,0,2,-66.5,66.5,
General Aviation,Shorts-330-200,22900,0.475,79,B,2,167,0,0,0,1,0,0,1,0,0,2,-83.5,83.5,
General Aviation,Shorts-360,27200,0.475,78,B,2,167,0,0,0,1,0,0,1,0,0,2,-83.5,83.5,
General Aviation,Skyhawk-172,2558,0.475,50,B,2,86,0,0,0,1,0,0,1,0,0,2,-43,43,
General Aviation,Skylane-1-82,3110,0.475,50,B,2,96,0,0,0,1,0,0,1,0,0,2,-48,48,
General Aviation,Stationair-206,3612,0.475,52,B,2,98,0,0,0,1,0,0,1,0,0,2,-49,49,
General Aviation,SuperKingAir-300,14100,0.475,92,D,3,11.58,194.42,0,0,2,-5.79,0,5.79,0,4,5.79,0,4.3425,0,2.895,0,0,0,4,-108.79,-97.21,97.21,108.79,
General Aviation,SuperKingAir-350,15100,0.475,92,D,3,11.58,194.42,0,0,2,-5.79,0,5.79,0,4,5.79,0,4.3425,0,2.895,0,0,0,4,-108.79,-97.21,97.21,108.79,
General Aviation,SuperKingAir-B200,12590,0.475,98,D,3,11.58,194.42,0,0,2,-5.79,0,5.79,0,4,5.79,0,4.3425,0,2.895,0,0,0,4,-108.79,-97.21,97.21,108.79,
Military,A400M TLL1,289687,0.475,133,Z,6,33.7,211.3,0,61.7,6,-16.85,0,16.85,0,-16.85,61.5,16.85,61.5,-16.85,123.4,16.85,123.4,6,16.85,61.5,13.48,61.5,10.11,61.5,6.74,61.5,3.37,61.5,0,61.5,4,-139.35,-105.65,105.65,139.35,
Military,A400M TLL2,254413,0.475,133,Z,6,33.7,211.3,0,61.7,6,-16.85,0,16.85,0,-16.85,61.5,16.85,61.5,-16.85,123.4,16.85,123.4,6,16.85,61.5,13.48,61.5,10.11,61.5,6.74,61.5,3.37,61.5,0,61.5,4,-139.35,-105.65,105.65,139.35,
Military,A400M LH,311734,0.475,133,Z,6,33.7,211.3,0,61.7,6,-16.85,0,16.85,0,-16.85,61.5,16.85,61.5,-16.85,123.4,16.85,123.4,6,16.85,61.5,13.48,61.5,10.11,61.5,6.74,61.5,3.37,61.5,0,61.5,4,-139.35,-105.65,105.65,139.35,
Military,A400M LN1,304018,0.475,133,Z,6,33.7,211.3,0,61.7,6,-16.85,0,16.85,0,-16.85,61.5,16.85,61.5,-16.85,123.4,16.85,123.4,6,16.85,61.5,13.48,61.5,10.11,61.5,6.74,61.5,3.37,61.5,0,61.5,4,-139.35,-105.65,105.65,139.35,
Military,C-5,769000,0.475,106,K,4,34,175.5,189.5,65,12,-60.5,0,-26.5,0,26.5,0,60.5,0,-24,65,24,65,-60.5,220,-26.5,220,26.5,220,60.5,220,-24,285,24,285,5,26.5,220,13,233,0,220,0,180,0,142.5,8,-215.75,-181.75,-128.75,-94.75,94.75,128.75,181.75,215.75,
Military,C-17A,585000,0.475,138,M,3,41.5,214.06,0,97,6,-40.5,0,0,0,42.5,11.5,-42,97,-1.5,97,41,108.5,7,0,0,0,5,0,10,0,15,0,25,0,35,0,50,6,-190.78,-150.28,-107.78,107.78,150.28,190.78,
Military,C-123,60000,0.475,100,B,2,150,0,0,0,1,0,0,1,0,0,2,-75,75,
Military,C-130,155000,0.475,105,E,2,0,171,0,60,2,0,0,0,60,4,0,0,0,10,0,20,0,30,2,-86,86,
Military,C-141,345000,0.475,190,F,3,32.5,177.5,0,48,4,-16.25,0,16.25,0,-16.25,48,16.25,48,8,16.25,0,13,1.11108,9.75,2.22216,6.5,3.33324,3.25,4.44432,0,5.5554,0,14.7777,0,24,4,-121.25,-88.75,88.75,121.25,
Military,F-15C,68000,0.475,340,B,2,108.25,0,0,0,1,0,0,1,0,0,2,-54.125,54.125,
Military,F-16C,42300,0.475,215,B,2,93,0,0,0,1,0,0,1,0,0,2,-46.5,46.5,
Military,F/A-18C,56000,0.475,150,B,2,122.5,0,0,0,1,0,0,1,0,0,2,-61.25,61.25,
Military,KC-10,583000,0.39,177,H,3,54,366,0,64,4,-27,0,27,0,-27,64,27,64,8,27,0,21.6,2.67696,16.2,5.35392,10.8,8.03088,5.4,10.70784,0,13.3848,0,22.6924,0,32,4,-237,-183,183,237,
Military,P-3,142000,0.475,190,D,3,26,348,0,0,2,-13,0,13,0,4,13,0,9.75,0,6.5,0,0,0,4,-200,-174,174,200,
Non-Airplane Vehicles,Truck Axle Single,9370,1,95,B,2,96,0,0,0,1,0,0,1,0,0,2,-48,48,
Non-Airplane Vehicles,Truck Axle Dual,18740,0.5,95,D,3,16.4,73.2,0,0,2,-8.2,0,8.2,0,4,8.2,0,6.15,0,4.1,0,0,0,4,-53,-36.6,36.6,53,
Non-Airplane Vehicles,Truck Axle Tandem,18740,0.5,95,E,2,0,96,0,52,2,0,0,0,52,5,0,0,0,13,0,26,0,39,0,52,2,-48,48,
Non-Airplane Vehicles,Truck Axle Dual-Tandem,37480,0.5,95,F,3,16.4,73.2,0,52,4,-8.2,0,8.2,0,-8.2,52,8.2,52,8,8.2,0,6.56,0,4.92,0,3.28,0,1.64,0,0,0,0,13,0,26,4,-53,-36.6,36.6,53,
Non-Airplane Vehicles,ARFF Vehicle - 1500 gal-,58000,1,85,X,13,0,0,0,0,4,-44,0,-44,219,44,0,44,219,1,-44,0,0,
Non-Airplane Vehicles,ARFF Vehicle - 3000 gal-,83000,1,85,X,13,0,0,0,0,6,-44,0,-44,62,-44,267,44,0,44,62,44,267,10,44,0,35.2,6.6,26.4,13.2,17.6,19.8,8.8,26.4,0,33,0,32,0,31,44,62,44,267,0,
